ID,FundID,FundItemID,Status,StatusDate,DateModified,DateCreated,DateApproved,PublishDate,SchemaVersion,SchemaLocation,FundCode,FundName,FundDescription,BrandPhone,BrandEmail,BrandWebsite,FundType,Fund RestrictionHint,Fund RestrictionParagraph,Fund RestrictionDetails,CorporateStructure,Child Min Age,Conditional NonStudent Min Age,Disability Min Age,NonClassified Min Age,NonStudent Min Age,Student Min Age,Child Max Age,Conditional NonStudent Max Age,Disability Max Age,NonClassified Max Age,NonStudent Max Age,Student Max Age
102,9B417DE6-2A48-4FD8-85BF-29AE629B115D,953efbad-45f8-4050-a1e1-03220f743cac,Published,2026-02-02T09:20:12.257,2026-02-02T09:19:17.49,2026-02-02T09:18:53.1151353,2026-02-02T09:19:34.193,02-Feb-26 09:20,3.1,PHOLSchema-V3.1.xsd,QTU,"TUH, part of the Teachers Health Group","TUH is proudly part of the not-for-profit fund Teachers Health. Our profits go back to members in benefits and services, not to shareholders. We care about our members and work to improve the quality of their lives.",,,,Restricted,current or former union members and their families.,"TUH, part of the not-for-profit fund Teachers Health. TUH provides health insurance for past and present union members and their families","Membership is open to past and present members of any union and family members of eligible people, whether the eligible person is a TUH member or not. Please contact us if you are in any doubt as to your eligibility.",This insurer is a mutual organisation that operates on a not-for-profit basis.,0,0,0,18,21,21,17,0,130,20,31,31
103,F9E6AFEC-D5A0-4F8E-A69A-A7CCE3E1FD8D,b7d5ecf0-c19c-498a-bd25-18749c768954,Published,2026-02-06T10:15:04.407,2026-02-06T10:11:00.47,2026-02-06T10:09:31.4456965,2026-02-06T10:11:59.453,06-Feb-26 10:15,3.1,PHOLSchema-V3.1.xsd,WFD,Westfund Limited,"Westfund Health Insurance has been built on solid community values and a foundation of trust, located in the heart of regional Australia. We are proudly not-for-profit and are honoured to be trusted with looking after our members’ health.  
Our history can be traced back more than six decades to the official registration of the Western District Mine Workers Medical Benefits Fund in Lithgow in 1953. The seeds of today’s Westfund were, however, sown long before this date and illustrate a potent connection to mutualism and of a community drawing strength by uniting together for collective purpose and benefit.
Today at Westfund, we still believe the member is the priority. We treat our members as people, not numbers.
While our care centres are located throughout regional communities, we have health providers located across Australia, providing support to our members nation-wide.
We empower our members to select the cover that best suits their needs with our Your Cover, Your Choice suite of products – linking individual Hospital and Extras covers together to provide greater flexibility.",,,,Open,,,,This insurer is a mutual organisation that operates on a not-for-profit basis.,0,0,31,18,25,25,17,0,130,24,30,30
104,1050CD35-077A-4BE1-A339-51DE396173FD,c6941059-f0c7-4d92-b432-1b4b3b23170c,Published,2026-02-19T10:40:05.387,2026-02-09T13:43:00.74,2026-02-09T13:41:40.9286951,2026-02-19T10:39:58.45,19-Feb-26 10:40,3.1,PHOLSchema-V3.1.xsd,QCH,Queensland Country Health Fund,"Queensland Country Health Fund is part of HBF one of Australia’s largest not-for-profit health insurers. It's our goal to provide our Members with exceptional health insurance that's simple to understand and very affordable. Our focus is on providing excellent service and genuine value to our Members. We do not have external shareholders and profits are retained within the group to provide better benefits and services to our Members.

Queensland Country is the only regionally based health fund in Queensland and has six Retail Centres in Townsville, Ayr, Mackay, Rockhampton, Cairns and Mount Isa and has its head office based in Townsville.

We're more than just a health insurance provider. We genuinely care about our Members and their health and wellbeing, and we demonstrate this by providing exceptional health insurance products that are simple to understand, and best of all, are affordable for you and your family.",,,,Open,,,,This insurer operates on a not-for-profit basis.,0,0,0,18,21,21,17,0,130,20,31,31
105,5CB2E1F7-1BB5-4605-B33D-79F27E7B6902,5ab5dbb2-21fe-4c57-8506-23adcdf7aff5,Published,2025-11-10T15:05:04.443,2025-11-10T15:04:10.16,2025-11-10T15:02:24.6376563,2025-11-10T15:04:52.473,10-Nov-25 15:05,3.1,PHOLSchema-V3.1.xsd,AMA,Doctors' Health Fund,Doctors' Health Fund is a private health insurer serving the medical community. The Fund offers a service that protects members from the impact of health care incidents in their lives. We offer convenience and flexibility with a choice of hospital and extras cover. Our top hospital cover offers the best gap cover in Australia. It delivers unrestricted choice of doctor and greater benefits which are based on the AMA List of Services and Fees.,,,,Restricted,"Medical and allied health professionals, their families, medical students and AMA employees.","Membership is open to registered medical practitioners and a limited list of registered health practitioner and associations, including their family and employees.","To be eligible to be a member of Doctors' Health Fund you must be: 
o A registered medical practitioner.  
o A registered health practitioner from the following list: medical, medical radiation, optometry, dental, occupational therapy, physiotherapy or psychology.  
o A person studying to become a medical practitioner or listed registered health practitioner, at an Australian educational institution.  
o An overseas qualified doctor who is registered for the AMC exams.  
o The spouse, child or grandchild of a medical practitioner or a listed registered health practitioner.
o An employee of a medical practitioner or a listed registered health practitioner or an officer or employee of an incorporated practice of a medical practitioner or a listed registered health practitioner.  
o Employed in any role by an association, college or organisation whose members are medical practitioners or listed registered health practitioners.  
o The spouse or child of a member of the Fund or former member of the Doctors' Health Fund or the AMA Health Fund, or  
o Have been covered by Doctors' Health Fund or AMA Health Fund in the past either as a member or as the dependent of a member. 

Please contact us on 1800 226 126 if you would like help in determining your eligibility.","This insurer operates on a for-profit basis and is owned by the Avant Mutual Group, a group that operates on a not-for-profit basis.",0,0,32,18,21,21,17,0,130,20,31,31
106,E5FAAC34-1CF3-4356-AB1C-E38AB34AC082,f1e7a11c-df43-4c82-b7ee-25ca47b9ed3a,Published,2026-02-10T10:20:23.19,2026-02-06T16:50:00.24,2026-02-06T16:17:39.2506331,2026-02-10T10:19:00.64,10-Feb-26 10:20,3.1,PHOLSchema-V3.1.xsd,LHM,Peoplecare Health Insurance,"At Peoplecare, we love people. And that means giving you more of the things you love and less of the things you don’t. So if you need a hand with your health cover, just give us a call on 1800 808 700. 

Peoplecare is a national, not for profit health fund that has been caring for members since 1953. We’re a high performing, multi-award winning company with a range of health cover options that have been independently rated amongst the best value in Australia. We’ve also developed a reputation for the highest levels of personal service and customer satisfaction. 

For more info, give us a buzz on 1800 808 700, visit our website at www.peoplecare.com.au 
or email info@peoplecare.com.au",,,,Open,,,,This insurer is a mutual organisation that operates on a not-for-profit basis.,0,0,31,18,21,21,17,0,130,20,30,30
107,5CDF1C32-4586-4921-9121-54FE37B0749D,91c3d4b6-c0f0-4685-8e53-2c9045c6f782,Published,2025-04-04T09:15:04.693,2025-04-03T09:58:42.787,2025-04-03T09:55:58.7166584,2025-04-04T09:10:13.66,04-Apr-25 09:15,3.1,PHOLSchema-V3.1.xsd,LHS,Latrobe Health Services,"Latrobe Health Services is an Australian-owned not-for-profit registered private health insurer established in 1951 known for its commitment to members and being a health fund that gives back to its community. 

Today, Latrobe Health Services is one of Australia’s largest not-for-profit private health insurers who provides cover to more than 81,000 Australians. 

Latrobe Health exists solely for the benefit of our members, providing choice for those needing to 
access health care. 

Latrobe Health’s annual premium rate increase has been lower than the industry average for 14 of the past 20 years.",,,,Open,,,,This insurer is a mutual organisation that operates on a not-for-profit basis.,0,0,0,18,21,21,17,0,130,20,31,31
108,F382874D-ECC1-40A5-B02A-1742703B7335,5c952267-bd74-479f-967e-3408a8e34d8c,Published,2026-01-01T00:45:04.603,2025-12-31T17:30:43.55,2025-12-31T17:29:36.0981074,2026-01-01T00:44:04.89,01-Jan-26 00:45,3.1,PHOLSchema-V3.1.xsd,HIF,Health Insurance Fund of Australia Limited,"HIF is the Health Insurance Fund of Australia, and we’ve been providing great value health cover since 1954. As a not-for profit, here-for-you health fund, our priority is to help our Members and their dependents lead healthy and happy lives. Simple as that. We do this by providing a choice of insurance covers for hospital, medical and extras services as well as great value travel options.",,,,Open,,,,This insurer is a mutual organisation that operates on a not-for-profit basis.,0,0,0,18,0,21,17,0,130,20,0,30
109,8A0149A8-CC81-4076-8BF2-2785F4B1C549,3aa8b3eb-1b7b-4efe-a944-37d7d13f0846,Published,2025-04-08T14:45:06.457,2025-04-08T14:43:36.487,2025-04-08T14:42:52.1927365,2025-04-08T14:44:12.127,08-Apr-25 14:45,3.1,PHOLSchema-V3.1.xsd,HCI,HCi,"HCi has been providing great value for money health cover to our community since 1938. As a not-for-profit private health insurer, we are proud of the high level of personal service provided to members and the comprehensive range of health insurance options offered at very competitive rates.  HCi is a company limited by guarantee and is governed by a board of directors elected by the members. The fund is entirely owned by the members, and exists solely for the benefit of members.

HCi cover provides access to the very best in hospital care and other health care services including dental, optical, physiotherapy, chiropractic and many more.",,,,Open,,,,This insurer is a mutual organisation that operates on a not-for-profit basis.,0,0,32,18,23,23,17,0,130,22,31,31
110,3428C8B0-6C1E-407F-B46B-E11AC9EEFE7E,08367fd7-fc9e-42ff-8b97-3ced03718863,Published,2025-10-27T11:40:05.107,2025-10-24T16:22:45.013,2025-10-24T16:19:08.850443,2025-10-27T11:38:38.65,27-Oct-25 11:40,3.1,PHOLSchema-V3.1.xsd,NIB,nib Health Funds Ltd.,"As one of Australia's fastest growing health funds, nib provides affordable health cover to more than 1,000,000 people nationwide. Established over 60 years ago, nib provides a range of health covers that allow customers to tailor their cover to suit their needs.",,,,Open,,,,This insurer is a shareholder owned company that operates on a for-profit basis.,0,0,0,18,21,21,17,0,130,20,30,30
111,D28C53B4-966D-4264-9895-73B5DABC0C9A,58e2537e-a937-4294-9540-4072165618e1,Published,2025-06-18T12:15:03.79,2025-06-18T12:12:53.103,2025-06-18T12:11:53.4303206,2025-06-18T12:13:16.82,18-Jun-25 12:15,3.1,PHOLSchema-V3.1.xsd,ACA,ACA Health Benefits Fund,"ACA Health is a restricted member Health Fund with the sole purpose of caring for the past and present Seventh-day Adventist Church employees, Local Church Officers and their families, with a range of health insurance products second-to-none.",,,,Restricted,"Seventh-day Adventist Church employees, Local Church Officers and their families.","ACA Health Benefits Fund solely exists to benefit the health and well-being of its members.  
Founded in 1934, we work hard to continually provide our members with value health cover at a great price.  We are available to employees of the Adventist Church, Local Church Officers and their families.","Membership with ACA Health is open to current and past employees of the Seventh-day Adventist Church and its associated companies in Australia – including Sanitarium Health Food Co, Sydney Adventist Hospital, Adventist Retirement Villages and Adventist Schools.  Appointed Local Church Officers.  Spouses or partners, children, siblings, parents and grandchildren of employees and past employees are also entitled to join.  We consider children dependent until the age of 21 or if they are under 25 and unmarried full-time students earning less than $20,000pa.  Once you’ve been employed by an Adventist Church company in Australia you, and your family members, are eligible to join for life.  This means that you can still join ACA Health or stay with us after leaving Adventist Church employment.  You are also always eligible to re-join if you ever choose to leave the Fund.  If you are unsure of your eligibility to join ACA Health, please contact us for further information.",This insurer is a mutual organisation that operates on a not-for-profit basis.,0,0,0,18,21,21,17,0,130,20,30,24
112,AF6C49A5-7608-4B0C-88CC-19CFAA327B72,d873d98c-70b9-4a3f-9a2c-433927ae4b79,Published,2025-12-19T16:30:04.793,2025-12-19T15:34:23.81,2025-12-19T15:16:13.0945703,2025-12-19T16:29:31.45,19-Dec-25 16:30,3.1,PHOLSchema-V3.1.xsd,RTE,RT Health - a division of The Hospitals Contribution Fund,Health insurance for hardworking Aussies. RT Health is here for hard workers and everyday Aussies who want more from their health cover. We've got your back with award-winning service and more than 135 years’ experience.,,,,Open,Transport and energy employees and relatives,"Government and privately owned land, sea and air transport companies. Government and privately operated electricity generation and delivery entities. Employees and former employees of above companies and their relatives.","A) Government or privately operated land, sea or air transport companies and associated government entities charged with administering the land, sea or air transport industries. B) Government or privately operated energy generation and delivery entities. C) A contract company where those employees or former employees were employed by the contract company to provide services to the above organisations. D) The dependents and all relatives of any eligible persons as set out above. E) if you are current or former member of MOVE.",This insurer is a mutual organisation that operates on a not-for-profit basis.,0,0,0,18,22,22,17,0,130,21,30,30
113,7E533BC3-43D0-4F14-9E9D-91F3B56E7269,965f8868-2836-4ff3-8f34-48a66e99f2a4,Published,2026-01-15T17:10:04.56,2026-01-15T17:04:06.747,2026-01-05T16:18:00.1258968,2026-01-15T17:06:16.433,15-Jan-26 17:10,3.1,PHOLSchema-V3.1.xsd,SPS,Health Partners,"Health Partners has been looking after the health and wellbeing of South Aussies for over 85 years.

While a lot has changed in this time, our values have remained the same. We’re proudly not-for-profit, we put our members first and are dedicated to providing quality, value-for-money private health cover. 

We support the health journeys of over 95,000 individuals, not just with Private Health Insurance, but with our versatile network of participating providers who offer our members generous benefits on a range of services including physiotherapy, podiatry and even pharmacy. We also own and operate Health Partners dental practices and optical stores across South Australia – giving our members the choice to be looked after by our team of clinical experts or pick their own provider.

While we offer cover Australia-wide, our heart is in South Australia where we’re creating a better state of health for our members and the local community. To be a Health Partners member is to know you’ve got someone on your side – no matter what your health and wellbeing journey looks like.",,,,Open,,,,This insurer is a mutual organisation that operates on a not-for-profit basis.,0,0,0,18,21,21,17,0,130,20,31,31
114,297E37FB-D477-41F5-A40D-DD2F29B2ADD3,cd3f06f7-fc5c-49c8-a330-4b1d39f4b5b4,Published,2025-10-29T14:45:04.303,2025-10-24T16:33:15.2,2025-10-24T16:23:17.1043283,2025-10-29T14:44:36.897,29-Oct-25 14:45,3.1,PHOLSchema-V3.1.xsd,FAI,GU Health,"GU Health specialises in corporate health insurance. We're focused on providing innovative health insurance products to corporates, identifying your company’s unique needs to deliver a tailored experience and provide expert service you can depend on.
 
With GU Health you have access to a specialist corporate health team, superior benefits and exceptional service. Servicing over 300 companies including a range of Fortune 500 clients, we apply our expert private health insurance knowledge to ensure your company’s health plan suits your needs. 
 
GU Health is part of the nib Group.",,,,Open,,,,This insurer operates on a for-profit basis and is owned by NIB.,0,0,0,18,0,21,17,0,130,20,0,24
115,EFA17CAA-F4FC-406B-BFDB-6684B1B34BA5,a4157f77-f03d-40a7-b437-4f7ba3a9c992,Published,2026-02-24T14:50:38.34,2026-02-24T14:47:44.56,2026-02-24T14:46:55.9192575,2026-02-24T14:48:26.027,24-Feb-26 14:50,3.1,PHOLSchema-V3.1.xsd,MDH,Mildura Health Fund,"Operating since 1929 Mildura Health Fund is a regional health insurance fund existing purely to serve it's more than 40,000 members nationwide. We are a not-for-profit member owned fund, which means that our members receive more in benefits and competitive premiums.",,,,Open,,,,This insurer is a mutual organisation that operates on a not-for-profit basis.,0,0,0,18,21,21,17,0,130,20,30,24
116,56C13470-25DD-4687-8843-B3AD4CBA8331,e1c750bf-4a3f-4088-bc4e-651ccd3c0377,Published,2026-01-20T09:45:04.35,2026-01-20T09:42:02.833,2026-01-20T09:32:28.3302309,2026-01-20T09:44:51.147,20-Jan-26 09:45,3.1,PHOLSchema-V3.1.xsd,HCF,HCF,"As Australia’s largest not-for-profit health fund, HCF is uniquely positioned to offer great value health cover. Unlike some other funds, we give our members more, not shareholders. More benefits, more cover and more savings. 

HCF was established in 1932 to provide the community with the means of insuring against the cost of hospital care. Since then, it has grown to become one of the country’s largest combined private health insurance and life insurance organisation.

HCF’s mission is to satisfy the needs of Australians for access to affordable, high quality health care when and where they need it, personal protection, and peace of mind.",,,,Open,,,,This insurer is a mutual organisation that operates on a not-for-profit basis.,0,0,0,18,22,22,17,0,130,21,30,30
117,9E987843-AADE-49A0-834C-ECEB34EC67F1,83b8ab2b-cbf0-4e2a-8e3d-756ed61541ea,Published,2026-02-16T10:30:07.27,2026-02-16T10:27:08.113,2026-02-16T10:24:28.5839917,2026-02-16T10:28:37.927,16-Feb-26 10:30,3.1,PHOLSchema-V3.1.xsd,AUF,Australian Unity Health Limited,"As a mutual company with over a 180 year history, Australian Unity has always had a strong focus on members. Because we know you only like to pay for health insurance you’ll actually use, we’ve made it easy by designing a range of hospital covers and extras options, to help you build your own cover. With Australian Unity, you can choose your preferred doctor for elective surgery by accessing one of over 500 agreement private hospitals nationwide. On some of our hospital covers, you also won’t need to pay an excess if your kids visit a hospital. Plus your kids can stay covered up until they turn 23 years old, at no extra cost.",,,,Open,,,,This insurer operates on a for-profit basis,0,0,0,18,23,23,17,0,130,22,30,30
118,BB34743E-0DAD-41A3-9198-8EB1D310036A,7e8e82bf-ac09-41fd-a875-7b73ec6eca7e,Published,2020-06-05T11:35:06.91,2020-06-05T11:30:13.737,2020-06-05T11:29:43.1075898,2020-06-05T11:30:53.893,05-Jun-20 11:35,3.1,PHOLSchema-V3.1.xsd,ESH,Emergency Services Health,"We’re Emergency Services Health – a health fund established in response to a need, and requests, for emergency services personnel of all disciplines to have access to the type of quality, tailored health cover previously only available through our sister fund Police Health. 

We’ve been looking after those on the front line, and their families too, for over 80 years – and we’re proud of the reputation we’ve built by putting our members first.

We only offer the best – because we believe anything less would be a disservice to you. We’re about value for money, unparalleled benefits, exceptional service and ultimate peace of mind.  

Let us prove it to you.",,,,Restricted,"members of Australia’s emergency services community (past and present), and their close relations.",See full details,"If you work or volunteer — or you’ve ever worked or volunteered — for one of Australia’s emergency services, you can take out your health insurance cover with us.

What’s more, membership is also open to your close relations. That means your parents and grandparents, as well as your brothers and sisters and their partners and children can all benefit from the quality of our cover.

We provide cover for singles, couples, single parent families and families. 

Check our website for full details.",This insurer is a mutual organisation that operates on a not-for-profit basis.,,,,,,,,,,,,
119,60B1CCC2-DBC6-48F6-AEF8-5E9DBAC7E435,b23a6061-0f32-4a99-9601-854fc9dc4e6a,Published,2025-11-11T12:05:04.177,2025-11-11T11:54:38.113,2025-11-11T11:52:15.5145532,2025-11-11T12:02:08.88,11-Nov-25 12:05,3.1,PHOLSchema-V3.1.xsd,SLM,St Lukes,"St Lukes has been providing private health cover to Australians since 1952. Over this time, St Lukes has built a strong reputation on its expertise and ability to supply top quality health cover and to provide exceptional service to its members. Established in Tasmania, St Lukes has a loyal membership base across all States and Territories of Australia. St Lukes has a range of hospital covers, extras covers and combined hospital and extras packages that are easy to understand and specifically designed to provide you with choices to meet your needs. Our friendly customer care consultants are trained to provide a personalised service to assist you in choosing the level of cover you require. With no call centres you'll always get to speak to a trained customer care consultant. We have a comprehensive range of payment and claiming options including direct debit and point of service electronic claiming. Regardless of where you live, doing business with St Lukes is easy.",,,,Open,,,,This insurer is a mutual organisation that operates on a not-for-profit basis.,0,0,0,18,23,23,17,0,130,22,24,24
120,ACE9A20B-AD36-4F3E-AA64-2C217C031E7E,5b5e7bd8-8508-4107-8ea2-8b2f95f3101c,Published,2021-08-23T15:25:03.38,2021-08-23T15:20:48.507,2021-08-23T15:20:35.0279495,2021-08-23T15:21:05.177,23-Aug-21 15:25,3.0,PHOLSchema-V3.0.xsd,HEA,health.com.au,"We’re the first new health fund in Australia for quite a long time. We looked at the health insurance industry and thought ‘there’s a better, simpler way to do this’. We offer innovative policies in an honest, uncomplicated way. And we do it through a world-class website. Standing in queues is definitely not in our nature. 

Though in one way we are just like all the big insurers. We’re fully registered and regulated by the Australian Government. We also have the same high capital standards — as high as the largest funds with international parents or government support. We can proudly say we’re Australian owned.",,,,Open,,,,This insurer operates on a for-profit basis.,,,,,,,,,,,,
121,4b3dda56-6851-4a40-b655-28e1f72e7d74,38a69663-c9af-414b-8124-98681821a5d6,Published,2025-04-03T09:50:27.743,2025-04-03T09:48:16.867,2025-04-03T09:48:14.8636218,2025-04-03T09:48:18.633,03-Apr-25 09:50,3.1,PHOLSchema-V3.1.xsd,NHB,Navy Health Ltd,"Navy Health is a not-for-profit health fund for the Defence community, including serving, ex-serving ADF, employees of contractors to Defence and their families. Find out if you are eligible at navyhealth.com.au",,,,Restricted,"Cover for the ADF community - serving, ex-serving ADF, employees of contractors to ADF and families.","With over 60 years’ experience, Navy Health is a not-for-profit health fund for the Defence community, including serving, ex-serving ADF, employees of contractors to Defence and their families. Find out if your eligible at navyhealth.com.au","With over 60 years’ experience, Navy Health is a not-for-profit health fund for the Defence community, including serving, ex-serving ADF, employees of contractors to Defence and their families.

Navy Health is a Members’ Health Fund, giving you reassurance that we’re run for the benefit of our members, not the profit of shareholders.

If you’re a White or Gold Veteran Cardholder, serving ADF member or an ADF Active Reservist (SERCAT 3-5) you will receive a 10% discount on your payable premium.* 

Switching to Navy Health is easy! We will contact your previous fund regarding your current cover details and if you have already served waiting periods with your current fund on an equivalent level of cover, you won't need to re-serve waiting periods with Navy Health. 

For further information, go to navyhealth.com.au or call 1300 306 289.

*Active Reservists (SERCAT 3-5) and White or Gold Veteran Cardholders must be covered by the membership for the discount to apply. Only one discount can be applied to a membership.",This insurer is a mutual organisation that operates on a not-for-profit basis.,0,22,0,18,0,22,17,27,130,21,0,31
122,F428C1A7-F41B-47F6-A8FE-0342CE623AA1,133410b7-f0ca-4261-95a2-990e2e08a84d,Published,2026-02-02T09:25:04.663,2026-02-02T09:17:31.93,2026-02-02T09:17:31.933046,2026-02-02T09:20:28.913,02-Feb-26 09:25,3.1,PHOLSchema-V3.1.xsd,NTF,Teachers Health,"Teachers Health is dedicated to the health and wellbeing of individuals in the education community as well as their immediate family. Unlike non-industry and ‘for-profit’ health funds, we exist for our members which means any surplus generated is invested back into the Fund and its services.",,,,Restricted,education union members and their families,Teachers Health is a national health benefits organisation that cares for Australian-based education union members and their families. The aim of the fund is to inspire eligible members to achieve the best possible health outcomes through relevant products and related services.,"Teachers Health is the only health fund exclusively for members of the education community and their families. Membership is open to current and former members of education unions, including current and former primary, secondary and tertiary teachers, teachers’ aides, lecturers and support and administration staff from public, private and independent institutions around Australia. In addition to this, family members of eligible members are also able to join Teachers Health. Please contact the fund for more information.",This insurer is a mutual organisation that operates on a not-for-profit basis.,0,0,0,18,21,21,17,0,130,20,31,31
123,B8075F66-5668-4BC2-9858-ED2183D727B2,9d7f586d-685a-4fc1-b96c-9f1db17b1f99,Published,2025-11-19T12:10:05.363,2025-11-19T12:07:51.737,2025-11-19T12:06:48.8913382,2025-11-19T12:08:13.597,19-Nov-25 12:10,3.1,PHOLSchema-V3.1.xsd,AHM,ahm health insurance,"More than 900,000 Australians have trusted ahm with their health insurance over the past 40 years, at the same time supporting a local success story and a 100% Australian-owned business.

We've been around long enough to know that lots of Australians want no-nonsense health insurance. So we make it easier to make the most of your cover. We take a fresh approach to health insurance and cut out the complexity. Everything we do is about making things simpler, so you can make the most of what matters to you. Now it's easier than ever to use and manage your cover, with affordable and flexible health insurance packages, a completely redesigned online experience and top-notch, digital-first service.

And we're part of Medibank - one of Australia's largest health insurers.",,,,Open,,,,This insurer operates on a for-profit basis and is owned by Medibank,0,0,0,18,21,21,17,0,130,20,30,30
124,833a1550-ce9c-4abb-8420-c7ed4bde2dc9,384d24c4-1720-4e76-80c6-9f40af714ae6,Published,2022-04-21T11:15:15.067,2022-04-21T11:14:19.233,2022-04-21T11:14:18.8458176,2022-04-21T11:14:20.587,21-Apr-22 11:15,3.1,PHOLSchema-V3.1.xsd,NMW,Nurses & Midwives Health,Nurses & Midwives Health is a not-for-profit health fund exclusively for nursing and midwifery union members and their families.,,,,Restricted,"nurses and midwives, and their families.",Nurses & Midwives Health is a national health benefits organisation for nurses and midwives.,"Nurses & Midwives Health membership is available to members of eligible nursing and midwifery unions. In addition, family members of union members can join i.e. partner, children, siblings, parents and grandchildren. Please contact the fund for more information.",This insurer is a mutual organisation that operates on a not-for-profit basis.,0,0,0,18,21,21,17,0,130,20,24,24
125,FA248B97-E52E-409D-9BA5-AA2DDB8A8DF3,c7d76546-5f8f-4be6-93b6-a379be98e2ad,Published,2026-02-06T16:55:04.49,2026-02-06T16:49:53.1,2026-02-06T14:35:58.2682798,2026-02-06T16:53:43.633,06-Feb-26 16:55,3.1,PHOLSchema-V3.1.xsd,RBH,Reserve Bank Health Society Ltd,The Reserve Bank Health Society provides health insurance for current and former Reserve Bank and Note Printing Australia Ltd employees & their dependants.,,,,Restricted,Current & former employees of the Reserve Bank.,The Reserve Bank Health Society provides health insurance for current and former staff Reserve Bank and Note Printing Australia employees and their dependants.,"Reserve Bank Health Society Ltd was formed in 1959.  Membership of the fund is available to the following:  anyone who is or was an employee of the Reserve Bank, Note Printing Australia and their spouse, partner and dependent children.",This insurer is a mutual organisation that operates on a not-for-profit basis.,0,0,25,18,18,18,17,0,130,0,24,24
126,3323531A-A667-4A0B-B1A6-0E8890F822A9,504b2ac9-521d-406e-84fd-a74df0181046,Published,2026-02-06T17:00:10.21,2026-02-04T12:53:27.973,2026-02-04T12:51:52.6373016,2026-02-06T16:58:00.49,06-Feb-26 17:00,3.1,PHOLSchema-V3.1.xsd,CPS,see-u by HBF,"At see-u, we believe that health insurance shouldn’t be about health funds, it should be about members. That's why we offer practical, simple and efficient cover, but never waver on our promise to deliver personalised service when you need it most. 

Plus, as part of HBF, one of Australia’s largest not-for-profit health insurers, you can trust your health is in good hands",,,,Open,,,,This insurer operates on a not-for-profit basis.,0,0,0,18,0,23,17,0,130,22,0,24
127,FE73B238-2D8E-4086-8843-66E96B1C7341,a3313fb4-3cfd-4ed6-b1c5-ac5f11f94233,Published,2026-02-12T10:15:12.59,2026-02-12T10:12:46.62,2026-02-12T10:10:50.0629468,2026-02-12T10:13:29.417,12-Feb-26 10:15,3.1,PHOLSchema-V3.1.xsd,AHB,Defence Health Limited,"At Defence Health our members are just like family.

More than 249,000 Australians, all with connections to Defence, have joined our family. And if you decide to join us, you’ll discover why they stay. 

Like any good family, we support each other through good times and bad, and always take the time to listen.

To us, family is the most important thing. That’s why we are not-for-profit and all for the benefit of our members. That’s why we’ll defend your right to the very best cover and protection.

If you want great value health insurance from an insurer that cares about your wellbeing and always provides excellent service, you’re in the right place.

If you have any questions we’re just a phone call away. We’re always here to help because that’s what family is for.",,,,Restricted,current or former members of the ADF and the Defence community and their families.,"A Defence connection can be through your current or former employment in the ADF, Defence Public Service or as a Defence industry supplier/contractor where you are/were involved in the supply of goods/services to Defence. The family of a person with a Defence connection is also eligible to join.","Can you join the family? The Defence community is a far-reaching group. At its core are ADF members (permanent, and Reservists serving 20 or more training days in a financial year) and their partners and their children. 

There are others in the Defence community whose contributions to the security of the nation are less obvious. If you have one of the following Defence connections you are also eligible to join our family.

Past service - If you have previously served in the ADF (permanent or Reserve).

ADF supporters - If you currently work or have worked in the Department of Defence and other Defence-related departments; or for a Defence supplier – a company or agency contracted to the Department of Defence, where you are or were involved in the supply of goods and services to Defence.

Extended families of all above -   If you’re the mum or dad, son or daughter, sister or brother, grandchild or partner/ex-spouse of a serving or ex-serving ADF member or of an ADF supporter.",This insurer is a mutual organisation that operates on a not-for-profit basis.,0,0,0,18,21,21,17,0,130,20,30,30
128,98FDDD83-B31C-4BE5-870C-380819E1DF0E,51fac950-3075-4a77-be6c-acd45aeb82db,Published,2025-12-15T09:55:04.573,2025-12-15T09:52:48.247,2025-12-15T09:52:34.1228711,2025-12-15T09:53:30.12,15-Dec-25 09:55,3.1,PHOLSchema-V3.1.xsd,MBP,Medibank Private Limited,"Medibank Private is Australia's leading private health fund, committed to providing our members with affordable and high quality care. We offer a range of tailored hospital and extras covers to suit all kinds of individuals and families. You can also mix and match our hospital and extras covers, or choose a package cover, which  is a combination of both. As a Medibank member you can access our Members’ Choice network, one of the largest health provider networks in Australia.",,,,Open,,,,This insurer is a shareholder owned company that operates on a for-profit basis.,0,0,0,18,21,21,17,0,130,20,30,30
129,03DFD5EF-E3E1-4819-AFB6-31A3A5CFEB26,c12494d3-2509-434e-bd5d-b7cfe159243a,Published,2026-02-04T14:45:04.787,2026-02-04T14:40:54.44,2026-02-04T14:39:26.9674474,2026-02-04T14:41:04.05,04-Feb-26 14:45,3.1,PHOLSchema-V3.1.xsd,PWA,Phoenix Health Fund Limited,"At Phoenix Health, we’ve been looking after the health and wellbeing of members for over 65 years; and while some say we’re the best kept secret in private health insurance, we think this gives us the edge in providing you with the most personal health insurance experience possible.

Health insurance shouldn't have to be hard and with covers that offer value for money and are actually affordable, we've made it so easy for you to see how our cover stacks up - check out our DIY cover comparison tool on our website at phoenixhealthfund.com.au, or get in touch if you'd prefer to chat - finding cover that's your perfect fit is what we love to do! We're super proud of our history, but are really excited about our future and to be able to help so many more people all around Australia. 

We look forward to helping you discover how you're better off with Phoenix Health.",,,,Open,,,,This insurer is a mutual organisation that operates on a not-for-profit basis.,0,0,0,18,21,21,17,0,130,20,24,24
130,5F0D5FE5-7214-4C4C-BEA4-11D0EDAF3147,63328fd4-b6b7-441e-a4fe-bb1df2e3eedf,Published,2025-12-04T15:10:04.63,2025-12-04T15:06:33.237,2025-12-04T15:05:29.0457926,2025-12-04T15:06:57.503,04-Dec-25 15:10,3.1,PHOLSchema-V3.1.xsd,CBH,CBHS Health Fund Limited,"CBHS is a not-for-profit private health fund, exclusively for employees and ex-employees, contractors and franchisees of the Commonwealth Bank Group and its affiliated companies.",,,,Restricted,"current and past employees of Commonwealth Bank Group, franchisees, contractors, and their families.",CBHS provides health benefits for current and former employees of the Commonwealth Bank of Australia and its current and former subsidiaries (CBA Group).,"The current or former employees of the Commonwealth Bank Group (CBA Group) are eligible to join CBHS. The CBA Group includes (a) Commonwealth Bank of Australia (b) current and former subsidiaries (within the meaning of the Corporations Act 2001 (Cth)) of the Commonwealth Bank of Australia; (c) Gateway Bank Limited (d) a person who is, or was (i) an employee of a contractor to any of the CBA Group and who is, or was, involved in supplying goods or services to the CBA Group; or (ii) an employee of a franchisee of a subsidiary company within the CBA Group. In addition, CBHS eligibility rules allow for the above person's partner (including former partner), dependants, siblings, parents and grandchildren to join the fund. Remember once eligible, your eligibility (and your eligible family) remains regardless of your current employment.",This insurer is a mutual organisation that operates on a not-for-profit basis.,0,0,0,0,18,18,17,0,130,0,30,30
131,65ED6B62-EDC9-4B03-A542-D6305EA7E9BE,b5890387-ed9a-4c51-a14b-c07c8858431a,Published,2026-02-04T09:05:04.737,2026-02-03T13:55:11.113,2026-02-03T13:53:53.1398663,2026-02-04T09:03:57.94,04-Feb-26 09:05,3.1,PHOLSchema-V3.1.xsd,GMH,GMHBA Limited,"GMHBA Limited 

Since 1934, GMHBA has been providing Australians with the right choice for high quality, affordable health insurance. We have established an enviable reputation for providing members with relevant and contemporary selections of hospital and extras covers. 

GMHBA is a 100% member based not-for-profit organisation. Our competitive rates ensure that members receive value for money health insurance all year round. 

Today, GMHBA provides private health insurance to over 300,000 individuals and families across Australia.",,,,Open,,,,This insurer is a mutual organisation that operates on a not-for-profit basis.,0,0,0,18,0,21,17,0,130,20,0,24
132,DB5570CD-BEA9-4C69-BB4A-01EF054AFA94,47a77a0c-e66f-44cd-9448-c8fa47345931,Published,2026-02-16T11:20:04.943,2026-02-16T10:56:10.897,2026-02-16T10:55:29.8578052,2026-02-16T11:17:27.32,16-Feb-26 11:20,3.1,PHOLSchema-V3.1.xsd,HBF,HBF Health Limited,"HBF is a not-for-profit health fund based in WA.  With almost a million members nationally, HBF is the fourth largest health fund in Australia.  For over 80 years, HBF has been providing quality health cover and additional member benefits to support healthy lifestyles.",,,,Open,,,,This insurer is a mutual organisation that operates on a not-for-profit basis.,0,0,0,18,21,21,17,0,130,20,30,30
133,C7F89E24-D7F8-4543-9D32-CC9F969EBA53,e25c9800-1aa1-4ba3-96c5-ce8eaca0d570,Published,2025-12-04T15:10:07.677,2025-12-04T15:08:22.737,2025-12-04T15:07:23.2552254,2025-12-04T15:08:39.113,04-Dec-25 15:10,3.1,PHOLSchema-V3.1.xsd,CBC,CBHS Corporate Health Pty Ltd,"CBHS Corporate Health is an open fund, that works directly with employers to not only offer competitively-priced, great value health cover,  but also to promote its vision of improved employee wellbeing across Australia.  CBHS Corporate Health is part of the CBHS Group.",,,,Open,,,,This insurer operates on a for-profit basis.,0,0,0,0,18,18,17,0,130,0,30,30
134,8AFD0BC3-CA47-4594-9E30-1544DEB35017,4c2e1c5f-8acd-418c-ad92-d11d6607d4c8,Published,2026-02-18T14:10:06.337,2026-02-18T14:05:47.103,2026-02-18T13:55:02.7257734,2026-02-18T14:06:24.29,18-Feb-26 14:10,3.1,PHOLSchema-V3.1.xsd,SPE,Police Health,"Police Health and Emergency Services Health offer gold level health insurance dedicated to the police and emergency services community. With over 100,000 members Australia-wide, we’re the health fund of choice for police officers, emergency services workers and volunteers, and their families.

If you’re part of Australia’s police and emergency services community you’ll appreciate that the unexpected, critical and severe can lie just around the corner, which is why we only offer top cover as we believe anything less would be a disservice to you. 

Our friendly team are ready to answer any queries you have about our cover, your current policy or health insurance in general. We understand health insurance can be confusing, so get in touch if you have any questions – no matter how trivial you believe they may seem. 

Looking out for each other extends beyond the job and our members really are our biggest advocates. So ask around, chat to your colleagues or read online reviews from others in the first responder community – they’ll assure you Police Health and Emergency Services Health is cover like no other.",,,,Restricted,"Members of Australia’s police & emergency services community, and their families.",See full details,"Applicants must meet certain qualifying criteria to join either Police Health or Emergency Services Health, as Police Health Limited is a restricted access private health insurer. 

Police Health is restricted access private health insurance for currently or previously employed Australian police officers and police employees/volunteers, as well as retired and former police officers, of state, territory or federal police departments, unions and associations. 

Emergency Services Health is for those who are or were employed/volunteered in the Fire Response & Recovery Sector, Ambulance & Medical Response & Recovery Sector, Water Response & Recovery Sector or the State Emergency Response & Recovery Sector. 

Eligibility also extends to close relations of the aforementioned, such as dependent children, adult children, adult children’s partner/spouse, adult children’s dependent children, partner/spouse, former partner/spouse, parents, siblings, sibling’s partner/spouse, sibling’s dependent children, grandchildren, grandchildren’s partners and grandchildren’s dependent children.

If you’re unsure of your eligibility, please get in touch via the contact details below. We’re here to help.",This insurer is a mutual organisation that operates on a not-for-profit basis.,0,0,32,18,21,21,17,0,130,20,24,31
135,23F74C1F-D972-40AE-85EC-5719A9F18B6F,42492263-2b8e-4377-a330-d6e7eeb6f37d,Published,2026-01-30T15:05:06.327,2026-01-30T15:00:42.233,2026-01-08T11:19:14.045263,2026-01-30T15:03:03.903,30-Jan-26 15:05,3.1,PHOLSchema-V3.1.xsd,BUP,Bupa HI Pty Ltd,"Bupa is a health and care company committed to helping our customers live longer, healthier, happier lives. As one of Australia’s leading healthcare organisations, we offer a broad range of private health cover options from just the basics to our top level of cover, that give you more of the features and benefits you're looking for. We have cover for singles, couples and families, so no matter where you are in life, we’ve got something to suit your needs. Nothing compares to quality health insurance. And that’s why nothing compares to being with Bupa.",,,,Open,,,,"This insurer operates on a for-profit basis and is owned by BUPA Group International, a group that operates on a not for profit basis",0,0,0,18,21,21,17,0,130,20,31,31
136,DB3ABAEB-B62E-42BF-B79F-0FD7E744F6BF,e0b5c536-c8c3-4cb7-805d-df6c6fb39ce2,Published,2026-02-11T16:45:04.17,2026-02-11T16:39:45.453,2026-02-11T16:27:31.7059262,2026-02-11T16:40:19.67,11-Feb-26 16:45,3.1,PHOLSchema-V3.1.xsd,CDH,CDH Benefits Fund,"Hunter Health Insurance by CDH Benefits Fund has operated for over 65 years, providing singles and families with cost effective health cover. HHI provides quality health cover at the lowest contribution rates possible with a focus on excellent customer service. 

A comparison between HHI and other Health Insurers clearly demonstrates that HHI delivers on price, coverage and customer service. 

Our objective is to save you money on private health insurance and we do everything in our power to achieve this. So if you're currently with another health Insurer and are not happy with the price, product or service, why not give us a call today? 

HHI: we don't strive to be the biggest, just the best.",,,,Open,,,,This insurer is a mutual organisation that operates on a not-for-profit basis.,0,0,0,18,21,21,17,0,130,20,24,24
137,22bc31e7-8f91-4b66-828f-87a8c168b17a,9a67adfc-ff96-4f21-92cd-e7320035c8ba,Published,2024-06-20T09:50:05.4,2024-06-20T09:48:38.947,2024-06-20T09:48:38.0703498,2024-06-20T09:48:39.523,20-Jun-24 09:50,3.1,PHOLSchema-V3.1.xsd,TFS,Transport Health - a division of The Hospitals Contribution Fund,"Transport Health is a health insurer with a long history of providing value for money health insurance for all our members.  Established in 1888, our health plans provide cover against the cost of hospital treatment and many ancillary services, including dental, optical, physiotherapy and chiropractic.",,,,Open,,,,This insurer operates on a for-profit basis.,0,0,0,18,21,21,17,0,130,20,24,24
138,ACCD44DB-8564-44F7-B474-A90648DA34E3,28468a86-4da6-4782-b591-f3a29f353c5d,Published,2026-02-10T10:20:08.953,2026-02-06T16:49:56.553,2026-02-06T16:17:38.1061421,2026-02-10T10:17:04.673,10-Feb-26 10:20,3.1,PHOLSchema-V3.1.xsd,OMF,National Health Benefits Australia Pty Ltd (onemedifund),onemedifund was established in 2007 as the health fund brand for National Health Benefits Australia Pty Ltd,,,,Open,,,,This insurer operates on a for-profit basis,0,0,25,18,18,18,17,0,130,0,24,24
139,946DC9C0-D2D4-4635-92A5-5B7B01FC4019,b9e37b15-09d3-47e9-ae40-fe5c368dbb86,Published,2025-12-15T13:55:04.153,2025-12-15T13:47:11.013,2025-12-15T13:40:56.4831877,2025-12-15T13:54:37.107,15-Dec-25 13:55,3.1,PHOLSchema-V3.1.xsd,MYO,AIA Health Insurance Pty Ltd,"AIA Health Insurance Pty Ltd.
At AIA Health, we believe that health insurance should protect and reward you; not just when things go wrong. That is why all retail and corporate AIA Health insurance policies include membership to AIA Vitality, a personalised, science-backed health and wellbeing program that supports you every day to make healthier lifestyle choices. The program incentivises you to know your health, improve your health and get rewarded with lower insurance premiums on eligible policies, discounts and cashbacks on great partners and more.",,,,Open,,,,This insurer is an organisation that operates on a for-profit basis.,0,18,0,18,18,18,17,31,130,0,24,24
